Artifact_id,Name,Period,origin,Description_en,Description_si,facts_en,facts_si,faq_en,faq_si,keywords
ART001,Sandakada Pahana (Moonstone),Anuradhapura Period (Late Stage) to Kandyan Period (c. 7th Century AD – 18th Century AD,Ancient Sri Lanka (Prominent in Anuradhapura and Polonnaruwa),"The Sandakada Pahana, or Moonstone, is a unique and elaborately carved semi-circular stone slab that forms a defining feature of ancient Sri Lankan architecture. It is customarily placed at the foot of staircases and entrances, especially to important structures like Buddhist temples and monasteries. Initially appearing in the late Anuradhapura period, the design evolved significantly through the Polonnaruwa and Kandyan periods. In its classic Anuradhapura form, the slab features a central half-lotus surrounded by concentric bands. These bands typically include a procession of swans, a dense foliage pattern known as liyavel (representing worldly desire), and a procession of four animals: the elephant, lion, horse, and bull, symbolizing the four stages of life (birth, old age, disease, and death). The outermost band is carved with flames, representing the never-ending cycle of saṃsāra (existence) and the pains of passion. The evolution saw the removal of the bull during the Polonnaruwa period, attributed to Hindu influence where the bull (Shiva's vehicle) was considered too sacred to be trod upon. The Moonstone is widely accepted to be a profound Buddhist symbol of purification and the journey toward Nirvana.","සඳකඩපහණ යනු, පුරාණ ලංකාවේ ගෘහ නිර්මාණ ශිල්පයේ සුවිශේෂී ලක්ෂණයක් වන, අලංකාර ලෙස කැටයම් කරන ලද අර්ධ කවාකාර ගල් පුවරුවකි. මෙය සාමාන්‍යයෙන් බෞද්ධ විහාර සහ අනෙකුත් වැදගත් ගොඩනැගිලිවල පියගැටපෙළ පාමුල සහ දොරටු අසල තැන්පත් කර ඇත. මුල්ම සඳකඩපහන් අනුරාධපුර යුගයේ අවසාන භාගයේදී නිර්මාණය වූ අතර, පොළොන්නරු, ගම්පොළ සහ මහනුවර යුගය පුරා එහි නිර්මාණය විශාල වශයෙන් විකාශනය විය. සම්භාව්‍ය අනුරාධපුර යුගයේ සඳකඩපහණ මධ්‍යයේ අර්ධ නෙළුම් මලක් කැටයම් කර ඇති අතර එය වෘත්තාකාර තීරු කිහිපයකින් වට වී ඇත. මෙම තීරුවල සාමාන්‍යයෙන් හංස පේළියක්, ලියවැල (තණ්හාව නිරූපණය කරන සශ්‍රීක වැල් මෝස්තරයක්) සහ ඇත්, අස්, ගව, සිංහ යන සතුන් සතර දෙනාගේ පෙරහැරක් දක්නට ලැබේ. සතුන් සතර දෙනාගෙන් ජාති, ජරා, ව්‍යාධි, මරණ යන සතර බිය සංකේතවත් කරන බව පිළිගැනේ. පිටතම වෘත්තාකාර තීරුවේ දැක්වෙන ගිනි දැල්ලෙන් භව චක්‍රය (සංසාරය) සහ රාගය සංකේතවත් කරයි. පොළොන්නරු යුගයේදී හින්දු ආගමික බලපෑම හේතුවෙන් ගවයා ඉවත් කරන ලද අතර, සමස්තයක් ලෙස සඳකඩපහණ බෞද්ධ පාරිශුද්ධත්වය සහ නිර්වාණය කරා යන මාර්ගය පිළිබඳ ගැඹුරු සංකේතයක් ලෙස පිළිගැනේ.","* It is believed to symbolize the entire cycle of saṃsāra and the path to Nirvana, as interpreted by Prof. Senarath Paranavitana.
* The four animals (Elephant, Lion, Horse, Bull) in the Anuradhapura design represent the four fears/stages of life: Birth, Old Age, Disease, and Death.
* The bull was removed from the design during the Polonnaruwa period due to Hindu influence, as it is the vehicle of the god Shiva.
* The half lotus at the center symbolizes Nirvana or purity, rising above the 'mud' of worldly desires.
* The most refined Anuradhapura Moonstone is found at the Queen's Palace (Biso Maligaya) in Anuradhapura.","* සඳකඩපහණෙන් සමස්ත සංසාර චක්‍රය සහ නිර්වාණය කරා යන මාර්ගය සංකේතවත් කරන බව මහාචාර්ය සෙනරත් පරණවිතාන මහතාගේ මතයයි.
* අනුරාධපුර යුගයේ සතුන් සතර දෙනා (ඇත්, සිංහ, අස්, ගව) සතර බිය හෙවත් ජාති, ජරා, ව්‍යාධි සහ මරණ නිරූපණය කරයි.
* හින්දු ආගමික බලපෑම හේතුවෙන් පොළොන්නරු යුගයේදී සඳකඩපහණින් ගව රූපය ඉවත් කරන ලදී. (ගවයා ශිව දෙවියන්ගේ වාහනය වන බැවින් පයට පෑගීම අසුබ ලෙස සැලකූ නිසා)
* මධ්‍යයේ ඇති අර්ධ නෙළුම් මල නිර්වාණය හෝ පාරිශුද්ධත්වය සංකේතවත් කරයි.
* කලාත්මක අතින් උසස්ම සඳකඩපහණ අනුරාධපුර අභයගිරි විහාරයේ බිසෝ මාළිගය අසල දැකිය හැක.","Q: What is the Sandakada Pahana's primary symbolic meaning? A: It is widely accepted to symbolize the purification process of leaving the cycle of Saṃsāra (worldly existence) and entering the purity of a holy site (Nirvana).
Q: Why was the bull removed from the later Moonstones? A: The bull was removed during the Polonnaruwa period due to the strong influence of Hinduism, where the bull (Nandi, the vehicle of Lord Shiva) was considered too sacred to be placed where people would tread upon.","ප්‍ර: සඳකඩපහණෙහි ප්‍රධාන සංකේතාත්මක අර්ථය කුමක්ද? පි: එය සංසාර චක්‍රයෙන් මිදී පූජනීය ස්ථානයකට පිවිසීමේ පාරිශුද්ධභාවය සහ නිර්වාණය කරා යන ගමන සංකේතවත් කරන බව පුළුල්ව පිළිගැනේ.
ප්‍ර: පසුකාලීන සඳකඩපහණින් ගවයා ඉවත් කළේ ඇයි? පි: ගවයා ශිව දෙවියන්ගේ වාහනය ලෙස සැලකෙන බැවින්, හින්දු ආගමික බලපෑම හේතුවෙන් පොළොන්නරු යුගයේදී, මිනිසුන් පාගා යන ස්ථානයක තැබීම අනුචිත යැයි සලකා එය ඉවත් කරන ලදී.","Sandakada Pahana, Moonstone, Anuradhapura, Polonnaruwa, Buddhist Architecture, Saṃsāra, Nirvana, Liyavel, Naga-Raja, Muragala"
ART002,Muragala (Guardstone),Anuradhapura Period (c. 1st Century AD) to Polonnaruwa Period (c. 12th Century AD),"Ancient Sri Lanka (Prominent in Anuradhapura, Polonnaruwa, Mihintale)","The Muragala, or Guardstone, is a distinctive feature of ancient Sinhalese architecture, typically appearing as a pair of oblong stone slabs with a rounded top, placed symmetrically at the base of a flight of steps, often flanking a Sandakada Pahana. Initially, the Muragala served a structural purpose as a wedge to secure the sloping side rail (Korawakgala). Over time, its function evolved to primarily decorative and symbolic. Its evolution is characterized by five main phases, beginning with plain stone slabs and gradually incorporating intricate carvings. The highly evolved form, common in the latter Anuradhapura and Polonnaruwa periods, features an elaborately carved anthropomorphic Nāgarāja (Snake King). This figure usually holds a Pūrṇaghaṭa (vessel of abundance) in one hand and a sprouting branch in the other, symbolizing prosperity and fertility. The Nāgarāja is crowned by a seven-hooded cobra and is often depicted with minor figures at his feet, identified as Śańkha and Padma (dwarfs/attendants of Kuvera, the God of Wealth). Historians like Charles Godakumbura documented this progression, noting that the Muragala transitioned from simple stone terminals to richly carved masterpieces that served a powerful protective function for sacred sites.","මුරගල, හෙවත් ආරක්ෂක ගල, යනු පූජනීය හෝ රාජකීය ස්ථානවල පියගැටපෙළ පාමුල සඳකඩපහණ දෙපස පිහිටුවන ලද, සිංහල වාස්තු විද්‍යාවට අනන්‍ය වූ විශිෂ්ට නිර්මාණයකි. මෙය සාමාන්‍යයෙන් ඉහළින් අර්ධ කවාකාර හැඩයක් ගත් දිගටි ගල් පුවරු යුගලයකින් සමන්විත වේ. මුරගල ආරම්භයේදී කොරවක්ගල සඳහා වූ කූඤ්ඤයක් ලෙස හුදු ගල් පතුරක් පමණක් විය. කෙසේ වෙතත්, කාලයත් සමඟ එය කලාත්මක ලෙස විකාශනය වී සංකේතාත්මක අංගයක් බවට පත් විය. මෙම විකාශනයේදී පුන්කළස, වාමනයන් (බහිරවයන්) සහ අවසාන අදියරේදී නාරජුගේ රූපය කැටයම් කරන ලදී. නාරජු සහිත මුරගල්, මුරගලේ විශිෂ්ටතම අවස්ථාව ලෙස සැලකේ. මෙහි, නාරජුගේ හිස වටා නාග පෙණ හතක් හෝ පහක් ද, අතේ පුන්කළසක් ද, පාමුල සංඛ සහ පද්ම (කුබෙරුගේ සහායකයන්) නම් වාමන රූප ද දැක්වේ. මෙම නාරජු රුව සෞභාග්‍යය, ආරක්ෂාව සහ ජලය සංකේතවත් කරන බව විශ්වාස කෙරේ. අනුරාධපුරයේ රත්නප්‍රාසාදයේ සහ පොළොන්නරුවේ වටදාගෙයි නැගෙනහිර ද්වාරයෙහි ඇති මුරගල් මෙම කලාවේ විශිෂ්ටතම නිදසුන් වේ.","* The Muragala often appears in a pair, flanking the central Sandakada Pahana at the entrance.
* Its symbolic evolution progresses from plain stone slabs to the complex carving of the Nāgarāja (Snake King).
* The Pūrṇaghaṭa (vessel of abundance) held by the Nāgarāja symbolizes prosperity, good fortune, and fertility.
* The Nāgarāja figure often features a seven-hooded cobra hood and represents a powerful guardian deity.
* The two small figures at the Nāgarāja's feet are often identified as the dwarf attendants of Kuvera, named Śańkha and Padma.","* මුරගල බොහෝ විට දොරටුවේ ඇති මධ්‍යයේ ඇති සඳකඩපහණ දෙපස යුගල වශයෙන් දක්නට ලැබේ.
* එහි සංකේතාත්මක විකාශනය සරල ගල් පතුරක සිට නාරජුගේ සංකීර්ණ කැටයම දක්වා ගමන් කරයි.
* නාරජු අතෙහි දරණ පුන්කළස සශ්‍රීකත්වය, සෞභාග්‍යය සහ දියුණුව සංකේතවත් කරයි.
* නාරජුගේ හිස වටා බොහෝ විට නාග පෙණ හතක් දක්නට ලැබෙන අතර, ඔහු ප්‍රබල ආරක්ෂක දේවතාවෙකි.
* නාරජුගේ පාමුල සිටින වාමන රූප දෙක සංඛ සහ පද්ම (කුබෙරුගේ පරිවාර ජනයා) ලෙස හඳුනා ගැනේ.","Q: What is the difference between a Muragala and a Sandakada Pahana? A: The Sandakada Pahana (Moonstone) is the carved semi-circular slab laid horizontally at the foot of the steps, while the Muragala (Guardstone) is the carved vertical stone slab placed on either side of the entrance.
Q: What does the figure on the most common Muragala represent? A: It represents the Nāgarāja (Snake King), a protective deity associated with water and fertility, often seen holding a Pūrṇaghaṭa (pot of plenty).","* මුරගල බොහෝ විට දොරටුවේ ඇති මධ්‍යයේ ඇති සඳකඩපහණ දෙපස යුගල වශයෙන් දක්නට ලැබේ.
* එහි සංකේතාත්මක විකාශනය සරල ගල් පතුරක සිට නාරජුගේ සංකීර්ණ කැටයම දක්වා ගමන් කරයි.
* නාරජු අතෙහි දරණ පුන්කළස සශ්‍රීකත්වය, සෞභාග්‍යය සහ දියුණුව සංකේතවත් කරයි.
* නාරජුගේ හිස වටා බොහෝ විට නාග පෙණ හතක් දක්නට ලැබෙන අතර, ඔහු ප්‍රබල ආරක්ෂක දේවතාවෙකි.
* නාරජුගේ පාමුල සිටින වාමන රූප දෙක සංඛ සහ පද්ම (කුබෙරුගේ පරිවාර ජනයා) ලෙස හඳුනා ගැනේ.","Muragala, Guardstone, Nāgarāja, Pūrṇaghaṭa, Korawakgala, Sandakada Pahana, Anuradhapura Architecture, Polonnaruwa Architecture, Kuvera, Śańkha, Padma"
ART003,Kastane (Kasthane) Sword,Sri Lanka (Especially Kandyan Kingdom),Sri Lanka (Especially Kandyan Kingdom),"The Kastane is a traditional short, ceremonial, or decorative single-edged Sri Lankan sword, renowned for its highly elaborate and mythical hilt design. The hilt is the sword's defining feature, blending icons inherited from Buddhism, such as the Lion, Makara, Serapendiya (a mythical bird-like creature), Nagas, and other dragon/gargoyle-like effigies. The intricate hand guard and cross guard often spill over with decoration, sometimes incorporating Vajra style pseudo-quillons. A key aspect is the central mythical creature on the pommel, supported by minor iconic forms. The National Museum of Colombo holds one of the oldest surviving Makara-guard swords, dating from the early Kotte kingdom. While the overall form may have been inspired by European or South Indian weapons (especially during the Portuguese period), the local craftsmen elevated the design into a unique artistic expression, often using silver, gold, and gemstones (like ruby eyes). The blade itself is typically single-edged and, from the Dutch period onwards, was frequently imported from Europe (e.g., Solingen), sometimes bearing marks like the Dutch VOC (Dutch East India Company). This sword was historically an indicator of official rank among native headmen, with more senior officials carrying the most lavishly adorned weapons. The Kastane remains a powerful national symbol and is even featured prominently in the Flag of Sri Lanka.","කස්තානය යනු කෙටි, එක් පැත්තක් පමණක් මුවහත් වූ, සාම්ප්‍රදායික උත්සව හෝ අලංකාර ශ්‍රී ලාංකික කඩුවකි. මෙම කඩුවේ ඇති සුවිශේෂී ලක්ෂණය වන්නේ එහි අතිශයින් විසිතුරු සහ මිථ්‍යාමය තේමාවන්ගෙන් යුත් මිටයි. මිටේ සැලසුම බෞද්ධාගමික සංකේතයන්ගෙන් පෝෂණය වී ඇති අතර, එහි සිංහයා, මකරා, සෙරපෙන්ඩියා, නාග රූප, සහ වෙනත් මකරා හා ගාර්ගෝයිල් වැනි මනඃකල්පිත රූප කැටයම් කර ඇත. අලංකාර අත් ආවරණය (cross guard) බොහෝ විට වජ්‍ර ශෛලියේ ව්‍යාජ ක්විලෝන (quillons) වලින් සමන්විත වන අතර ඒවා කුඩා මෘග රූ වලින් සරසා ඇත. කස්තානයේ මිටේ ප්‍රධාන තේමාව වන්නේ මධ්‍යම මිථ්‍යා රූපයක් වන අතර, එය රිදී, රන් සහ මැණික් (උදා: රූබි ඇස්) වලින් අලංකාර කර ඇත. තල සාමාන්‍යයෙන් එක් පැත්තක් මුවහත් වන අතර, ලන්දේසි යුගයේ සිට යුරෝපයෙන් (විශේෂයෙන් සොලින්ගන්) ආනයනය කරන ලද ඒවා බහුලව දක්නට ලැබුණි, සමහර විට VOC (ලන්දේසි නැගෙනහිර ඉන්දීය සමාගමේ) සලකුණු දරයි. මෙම කඩුව ඓතිහාසිකව දේශීය නිලධාරීන් අතර නිල තත්ත්වය පෙන්වන සංකේතයක් වූ අතර, ජ්‍යෙෂ්ඨ පුද්ගලයන් වඩාත් අලංකාර ආයුධ පැළඳ සිටියහ. කස්තානය වර්තමානයේ ද ශ්‍රී ලංකා ජාතික ධජයෙහි නිරූපණය වන වැදගත් ජාතික සංකේතයකි.","* The Kastane is prominently featured on the Flag of Sri Lanka, symbolizing authority and protection.
* The most distinctive feature is the highly elaborate hilt, often carved in the shape of a Lion's head or a Makara (mythical sea creature).
* The sword historically served as an indicator of official rank among native headmen during colonial periods.
* The oldest surviving Kastane Lion hilt dates from c. 1600 AD and is displayed in the Sendai City Museum, Japan.
* Many blades, especially after the colonial period, were imported from Europe (e.g., Solingen) and often bear Dutch VOC marks.","* කස්තානය ශ්‍රී ලංකා ධජයෙහි ප්‍රධාන වශයෙන් නිරූපණය කර ඇති අතර, එය බලය හා ආරක්ෂාව සංකේතවත් කරයි.
* එහි වඩාත්ම සුවිශේෂී ලක්ෂණය වන්නේ බොහෝ විට සිංහ හිසක් හෝ මකරෙකුගේ හැඩයෙන් කැටයම් කරන ලද අතිශය විසිතුරු මිට යි.
* යටත් විජිත සමයේදී මෙම කඩුව දේශීය නිලධාරීන් අතර නිල තරාතිරම පෙන්වන සංකේතයක් ලෙස භාවිතා විය.
* පැරණිතම සිංහ හිස සහිත කස්තාන මිටක් ක්‍රි.ව. 1600 දී පමණ සිට ඇති අතර, එය ජපානයේ සෙන්ඩායි නගර කෞතුකාගාරයේ ප්‍රදර්ශනයට තබා ඇත.
* පසුකාලීනව බොහෝ තල යුරෝපයෙන් ආනයනය කරන ලද අතර, බොහෝ විට ලන්දේසි VOC සලකුණු දරයි.","Q: Why is the Kastane so important in Sri Lankan history? A: It was a symbol of nobility and official rank, and its design reflects a unique blend of ancient local (Buddhist) art and foreign (European/Indian) influence, cementing its place as a national artifact.
Q: What is the significance of the creatures carved on the hilt? A: The creatures (Lion, Makara, Serapendiya) are typically protective mythical figures drawn from Buddhist and local folklore, intended to safeguard the wearer and symbolize power and virtue.","ප්‍ර: කස්තානය ශ්‍රී ලංකා ඉතිහාසයේ එතරම් වැදගත් වන්නේ ඇයි? පි: එය වංශවත් බව සහ නිල තරාතිරම සංකේතවත් කළ අතර, එහි සැලසුම පුරාණ දේශීය (බෞද්ධ) කලාව සහ විදේශීය (යුරෝපීය/ඉන්දියානු) බලපෑමක අද්විතීය මිශ්‍රණයක් පිළිබිඹු කරයි.
ප්‍ර: කඩුවේ මිටේ කැටයම් කර ඇති සතුන්ගේ වැදගත්කම කුමක්ද? පි: එම සතුන් (සිංහ, මකර, සෙරපෙන්ඩියා) සාමාන්‍යයෙන් බෞද්ධ හා දේශීය ජනප්‍රවාද වලින් ලබාගත් ආරක්ෂක මිත්‍යා රූප වන අතර, ඒවා පැළඳ සිටින තැනැත්තා ආරක්ෂා කිරීමටත්, බලය සහ ගුණධර්ම සංකේතවත් කිරීමටත් අදහස් කරන ලදී.","Kastane, Sword, Ceremonial, Kandyan Kingdom, Lion Hilt, Makara, Serapendiya, Vajra, VOC, Rank, National Flag"
ART004,Has-Ebu Kahapana Coin,3rd Century BC - 1st Century AD,Anuradhapura,"The Has-Ebu Kahapana is the oldest known coin used in Sri Lanka. It is a punch-marked coin, meaning it was created by striking symbols into a metal blank with a punch. These coins were primarily made of silver, but copper and mixed-metal versions also exist. They are notable for their irregular shapes, including rectangular, square, oval, circular, and even a unique triangular coin found at the Abhayagiri Vihara. The coins lack any written text and are identified solely by a variety of symbols stamped on one or both sides. The side with more symbols is considered the obverse (front), while the side with one or two symbols is the reverse, likely representing the authority that minted them. The irregular shapes and cut-off corners suggest a system where the coin's value was tied to its specific weight of metal.","ශ්‍රී ලංකාවේ භාවිත පැරණිතම කාසිය වන්නේ හස් එබූ කහාපණ කාසියයි. එය තඹ ලෝහයෙන් සහ රිදී ලෝහයෙන් නිෂ්පාදනය කර ඇත. මෙම ලෝහ දෙක මිශ්‍ර කිරීමෙන් නිර්මිත කාසි ද හමු වේ. මෙම කාසිය සෘජුකෝණාස්‍ර, චතුරස්‍රාකාර, ඔවලාකාර, වෘත්තාකාර සහ ත්‍රිකෝණාකාර යන හැඩවලින් නිර්මාණය කර ඇත. අනුරාධපුර අභයගිරි විහාරයේ දීඝපාෂාණ කැණීමේදී ත්‍රිකෝණාකාර හැඩයෙන් යුත් එකම කාසිය හමු වී ඇත. හස් එබූ කහාපන කාසියෙහි කිසිදු පාඨයක් සටහන් නොවී සංකේත පමණක් සටහන් වී ඇත. කාසියක සංකේත වැඩි වශයෙන් සටහන් වී ඇති පැත්ත අභිමුඛය ලෙසත්, සංකේත සුළු සංඛ්‍යාවක් ඇති පැත්ත ප්‍රතිමුඛය ලෙසත් හඳුන්වයි. සෘජුකෝණාස්‍ර හා චතුරස්‍රාකාර කාසිවල කොන් කපා දමා ඇති අවස්ථා හමු වන අතර, එය බර සමාන කිරීම සඳහා කපා ඇති බව විශ්වාස කෙරේ.","Oldest coin used in Sri Lanka.

Made of silver, copper, or a mixture of both.

Features a variety of shapes, including a unique triangular coin.

Contains no text, only punched symbols.

The obverse has more symbols, while the reverse has one or two, likely a mint mark.

Value was likely determined by its weight in metal.","ශ්‍රී ලංකාවේ පැරණිතම කාසිය.

රිදී, තඹ හෝ මිශ්‍ර ලෝහ වලින් නිපදවා ඇත.

අද්භූත ත්‍රිකෝණාකාර කාසිය ඇතුළු විවිධ හැඩවලින් යුක්තය.

පාඨ නොමැති, සංකේත පමණක් සටහන් කර ඇත.

සංකේත වැඩි පැත්ත අභිමුඛය, සංකේත අල්ප පැත්ත ප්‍රතිමුඛය වේ.

කාසියේ වටිනාකම ලෝහ බර මත පදනම් විය.","What is the Has-Ebu Kahapana? It is the oldest coin used in Sri Lanka.

What is it made of? It is primarily made of silver, but copper and mixed-metal versions exist.

Why are the corners cut off? The corners were likely cut to adjust the coin to a standard weight.","හස් එබූ කහාපණය යනු කුමක්ද? එය ශ්‍රී ලංකාවේ භාවිතයේ පැවති පැරණිතම කාසියයි.

එය කුමකින් නිපදවා තිබේද? එය මූලිකව රිදී වලින් නිපදවා ඇති නමුත් තඹ හා මිශ්‍ර ලෝහ වලින් නිපදවූ විට දක්නට ලැබේ.

කාසිවල කොන් කපා දමා ඇත්තේ ඇයි? කාසියේ බර සම්මත කිරීම සඳහා කොන් කපා දමා ඇති බව විශ්වාස කෙරේ.","Has-Ebu Kahapana, punch-marked coin, ancient coins, Sri Lanka, Anuradhapura, Abhayagiri, silver, copper, symbols"
ART005,Gold Kahavanuwa,3rd Century BC - 1st Century AD,Anuradhapura,"The Gold Kahavanuwa marks a significant turning point in Sri Lankan coinage, representing the first use of gold for currency on the island. Its introduction is strong evidence of influence from Eastern India. This coin was instrumental in establishing Sri Lanka's recognition and trust in international trade. To achieve this, the coins were inscribed in Sanskrit using semi-Nagari script, the international language of the era, stating the coin's value and its nature as a precious metal. The system was highly standardized with clear denominations: the full Kahavanuwa (1), the Ada Kahavanuwa (1/2), the De Aka (1/4), and the Aka (1/8). This sophisticated system facilitated both local and international commerce.","ක්‍රි.ව. 7-8 සියවස්වලදී ශ්‍රී ලංකාවේ කාසි නිෂ්පාදනයේ සන්ධිස්ථානයක් සනිටුහන් විය. එතෙක් නිෂ්පාදනය කළ තඹ හෝ රිදී ලෝහය වෙනුවට රන් ලෝහය භාවිත කරමින් කාසි නිෂ්පාදනය ආරම්භ විය. රන් කහවණුව නිෂ්පාදනය නැගෙනහිර ඉන්දීය ආභාසය ශ්‍රී ලංකාව වෙත ලැබීම සටහන් කරන සාධකයකි. මෙම කාසිය ශ්‍රී ලංකාවට අන්තර්ජාතික වෙළෙඳාමේදී නිත්‍යානුකූල පිළිගැනීමක් සහ විශ්වාසයක් දිනාගැනීමට මංපෙත් විවර කළේය. එවකට ලෝකයේ අන්තර්ජාතික භාෂාව වූ සංස්කෘත, අර්ධ-නාගරි අක්ෂර වලින් කාසියේ වටිනාකම දැක්වීමටත්, කහවණුව (1), අඩ කහවණුව (1/2), දෙ අක (1/4), අක (1/8) යනුවෙන් පැහැදිලි අනු කොටස්වලින් නිෂ්පාදනය කිරීමෙන් ද ශ්‍රී ලාංකිකයන් ජාත්‍යන්තර වෙළෙඳාමේ දී නෛතික පිළිගැනීමක් දිනා ගත්තේය.","First gold coin of Sri Lanka.

Introduced during the 7th-8th centuries AD.

Shows influence from Eastern India.

Inscribed in Sanskrit to facilitate international trade.

Had a standardized system of denominations (1, 1/2, 1/4, 1/8).

Boosted Sri Lanka's credibility in international markets.","ශ්‍රී ලංකාවේ ප්‍රථම රන් කාසිය.

ක්‍රි.ව. 7-8 සියවස්වලදී හඳුන්වා දෙන ලදී.

නැගෙනහිර ඉන්දීය ආභාසය පෙන්නුම් කරයි.

අන්තර්ජාතික වෙළෙඳාම සඳහා සංස්කෘත භාෂාවෙන් සටහන් කර ඇත.

පැහැදිලි අනු කොටස් (කහවණුව, අඩ කහවණුව, දෙ අක, අක) මගින් සම්මත විය.

අන්තර්ජාතික වෙළෙඳාමේ ශ්‍රී ලංකාවේ විශ්වසනීයත්වය වර්ධනය කළේය.","Why is the Gold Kahavanuwa important? It was Sri Lanka's first gold coin and helped establish its place in international trade.

What language is on the coin? The inscriptions are in Sanskrit.

What were its denominations? It had a main unit (Kahavanuwa) and subunits for half, quarter, and eighth values.","රන් කහවණුව වැදගත් වන්නේ ඇයි? එය ශ්‍රී ලංකාවේ ප්‍රථම රන් කාසිය වන අතර ජාත්‍යන්තර වෙළෙඳාමේ එහි ස්ථානය තහවුරු කිරීමට උපකාරී විය.

කාසියේ භාෂාව කුමක්ද? සංස්කෘත භාෂාවෙන් සටහන් කර ඇත.

එහි අනු කොටස් මොනවාද? ප්‍රධාන ඒකකය (කහවණුව) සහ අඩක්, කාර්තුව, අටවනැ-one වටිනාකම් සඳහා අනු ඒකක.","Gold Kahavanuwa, gold coin, Sanskrit, international trade, denominations, Anuradhapura, semi-Nagari script, Ada Kahavanu"
ART006,Medieval Copper Massa Coin Collection,Late 12th - Early 13th Century AD (c. 1196-1212 AD),"Polonnaruwa to Dambadeniya Kingdoms, Sri Lanka","This entry refers to a specific collection of 888 medieval copper Massa coins accidentally discovered in Bandarahena, Puttalam District. These coins represent a stable period of coinage from the Polonnaruwa to the Dambadeniya kingdoms. The coins maintained a consistent shape and set of symbols, with only the name of the ruling monarch changing on the obverse, inscribed in semi-Nagari script. They are considered the first local coins to bear the personal names of rulers. This particular hoard contains coins minted under five different rulers: Chodagangadeva, Queen Lilavati, King Sahassa Malla, Dharmasoka Deva, and Kings Parakramabahu & Vijayabahu. The largest number of coins in this hoard belongs to the short reign of King Sahassa Malla, indicating significant economic activity during his rule. All coins in this collection are made of copper and have been meticulously documented for weight, diameter, thickness, and metal composition for an online database.","මෙම ඇතුළත් කිරීම පුත්තලම දිස්ත්‍රික්කයේ බණ්ඩාරහේනයේදී අහම්බෙන් හමු වූ මධ්‍යකාලීන තඹ මසු කාසි 888ක එකතුවක් හැඳින්වේ. මෙම කාසි පොළොන්නරුවේ සිට දඹදෙණිය දක්වා වූ රාජධානි වල ස්ථාවර කාසි නිෂ්පාදන යුගයක් නිරූපණය කරයි. කාසිවල හැඩය සහ සංකේත සමූහය ස්ථාවරව පවත්වාගෙන ගිය අතර, අර්ධ-නාගරි අක්ෂර වලින් සටහන් කරන ලද පාලකයාගේ නම ප්‍රතිමුඛයේ මාත්‍රය වෙනස් විය. ඒවා පෞද්ගලික නම් සටහන් කළ ප්‍රථම දේශීය කාසි ලෙස සැලකේ. මෙම නිශ්චිත නිධානයේ චෝඩගංගදේව, ලීලාවතී රැජින, සහස්සමල්ල රජ, ධර්මාශෝක දේව සහ පරාක්‍රමබාහු හා විජයබාහු රජවරුන් ඇතුළු පාලකයන් පස් දෙනෙකු යටතේ නිපදවන ලද කාසි අඩංගු වේ. මෙම නිධානයේ වැඩිම කාසි ප්‍රමාණය සහස්සමල්ල රජුගේ කෙටි රාජ්‍ය සමයට අයත් වන අතර, ඔහුගේ පාලනය යටතේ සැලකිය යුතු ආර්ථික ක්‍රියාකාරකම් ඇති වූ බව පෙන්නුම් කරයි. මෙම එකතුවේ ඇති සියලුම කාසි තඹ වලින් නිපදවා ඇති අතර, ඒවා බර, විෂ්කම්භය, ඝණකම සහ ලෝහ සංයුතිය අන්තර්ජාල දත්ත සංචිතයක් සඳහා පර්යේෂණාත්මකව ලියාපදිංචි කර ඇත.","Part of a hoard of 888 coins discovered in Bandarahena, Puttalam.

Coins are from the Polonnaruwa and Dambadeniya periods.

Made entirely of copper.

First Sri Lankan coins to feature rulers' personal names.

The hoard contains coins from five different rulers.

The largest subset is from King Sahassa Malla's short reign.

Data on weight, diameter, and metal condition has been recorded for research.","පුත්තලම, බණ්ඩාරහේනයේ හමු වූ කාසි 888ක නිධානයක කොටස.

පොළොන්නරුව සහ දඹදෙණිය යුගවල කාසි.

සම්පූර්ණයෙන්ම තඹ වලින් නිපදවා ඇත.

පාලකයන්ගේ පෞද්ගලික නම් ඇතුළත් කළ ප්‍රථම ශ්‍රී ලාංකීය කාසි.

නිධානයේ පාලකයන් පස් දෙනෙකුගේ කාසි අඩංගු වේ.

වැඩිම උපසමුහය සහස්සමල්ල රජුගේ කෙටි රාජ්‍ය කාලයට අයත් වේ.

පර්යේෂණ සඳහා බර, විෂ්කම්භය සහ ලෝහ තත්ත්වය පිළිබඳ දත්ත ගොනු කර ඇත.","What is special about these Massa coins? They are the first local coins to have the personal names of rulers inscribed on them.

Where were they found? They were accidentally discovered in Bandarahena, Puttalam District, while digging a foundation.

How many coins were found? A collection of 888 coins was discovered.","මෙම මසු කාසිවල විශේෂත්වය කුමක්ද? ඒවා පාලකයන්ගේ පෞද්ගලික නම් සටහන් කළ ප්‍රථම දේශීය කාසි වේ.

ඒවා හමු වූයේ කොහේද යන්න? අත්තිවාරමක් කැපීමේදී පුත්තලම දිස්ත්‍රික්කයේ බණ්ඩාරහේනයේදී අහම්බෙන් හමු විය.

කාසි කීයක් හමු වීද? කාසි 888ක එකතුවක් හමු විය.","Medieval Copper Massa, Bandarahena hoard, Polonnaruwa, Dambadeniya, Sahassa Malla, Lilavati, Chodagangadeva, copper coin, ruler's name, semi-Nagari script, numismatics"
ART007,Vijayabahu I Massa Coin (Copper),1070 - 1110 AD (Based on his reign after ending Chola rule in 1017 AD),"Polonnaruwa Kingdom, Sri Lanka","This copper Massa coin was issued by King Vijayabahu I, the liberator who ended the Chola rule and re-established Sinhalese sovereignty. Following the existing economic systems, he continued the coinage tradition of the previous Chola rulers but stamped his own authority on it. The coins retain the symbolic designs of the Chola issues but are distinctly personalized with the king's name inscribed in Ardha Nagari script on the obverse. King Vijayabahu I issued coins in three metals—gold, silver, and copper—with gold coins likely reserved for special occasions like his coronation (Abhisheka). The consistent design across all metals indicates a focus on producing stable, trusted currency for regional trade. The obverse features a stylized figure facing left, wearing a dhoti and an elaborate two-part headdress. The figure holds a flower in its raised left hand, with five dotted marks below the elbow, while the right hand is near a symbol interpreted as a lamp or a Grivatsya (an ancient lucky symbol). The reverse depicts a similar figure in a squatting posture, also facing left. Crucially, the reverse bears the inscription ""Shri Vijayabahu"" in four lines, clearly identifying the ruling monarch. This coin is part of a specific collection where four such copper coins were found, showing remarkable consistency in weight (averaging 4.285g) and diameter (~20mm), pointing to a standardized minting process.","මෙම තඹ මසු කාසිය නිකුත් කරන ලද්දේ සොළී පාලනය අවසන් කර සිංහල රාජ්‍ය බලය ප්‍රතිස්ථාපනය කළ විමුක්තිදායක රජු වූ පළමුවන විජයබාහු රජතුමා විසිනි. පවතින ආර්ථික පද්ධති අනුගමනය කරමින්, ඔහු පෙර සොළී පාලකයන්ගේ කාසි සම්ප්‍රදාය පවත්වා ගෙන ගිය නමුත් එයට තම සුවිශේෂී අධිකාරිය මුද්‍රාව තබා ඇත. කාසිවල සොළී කාසිවල සංකේතාත්මක නිර්මාණයන් රඳවා ගෙන ඇතත්, රජුගේ නම ප්‍රතිමුඛයේ අර්ධ නාගරි අක්ෂර වලින් සටහන් කිරීමෙන් ඒවා වෙනස් කර ඇත. පළමුවන විජයබාහු රජතුමා රන්, රිදී සහ තඹ යන ලෝහ තුනෙන්ම කාසි නිකුත් කළේය. රන් කාසි භාවිතා කරන ලද්දේ ඔහුගේ අභිෂේකය වැනි විශේෂ අවස්ථා සඳහා වනු ඇත. සියලුම ලෝහ සඳහා සමාන නිර්මාණයක් භාවිතා කිරීමෙන් කලාපීය වෙළෙඳාම සඳහා ස්ථාවර, විශ්වසනීය මුදල් නිෂ්පාදනය කිරීම කෙරෙහි අවධානය යොමු වූ බව පෙන්නුම් කරයි. අභිමුඛයේ වම් පසට මුහුණලා, දෝතියක් සහ සැකසූ ශීර්ෂාභරණයක් පැළඳ සිටින ශෛලීගත මනුෂ්‍ය රුවක් දක්නට ලැබේ. රුව වැලමිටෙන් ඉහළට ඔසවාගත් වම් අතින් මලක් දරා සිටින අතර, වැලමිටට පහළින් තිත් සලකුණු පහක් දක්නට ලැබේ. දකුණු අත පහනක් හෝ ග්‍රීවත්ස්‍ය (පුරාතන ආශීර්වාද සංකේතය) ලෙස විස්තර කෙරෙන සංකේතයක් අසල පිහිටා ඇත. ප්‍රතිමුඛයේ ද, වම් පසට මුහුණලා උක්කුටුක ඉරියව්වෙන් හිඳින සමාන ශෛලීගත රුවක් depicted. වැදගත් ලෙස, ප්‍රතිමුඛයේ ""ශ්‍රී විජයබාහු"" යනුවෙන් පේළි හතරකින් යුතුව සිංහල අක්ෂර වලින් සටහන් කර ඇති අතර, එමගින් පාලක රජු හඳුනාගත හැකිය. මෙම කාසිය නිශ්චිත එකතුවක කොටසක් වන අතර, එහිදී මෙවැනි තඹ කාසි 4ක් හමු වී ඇත. ඒවායේ බර (සාමාන්‍යයෙන් ග්‍රෑම් 4.285) සහ විෂ්කම්භය (මි.මී. 20 පමණ) වල නිරවද්‍යතාවය සම්මත නිෂ්පාදන ක්‍රියාවලියක් ඇති බව පෙන්නුම් කරයි.","Issued by King Vijayabahu I after he liberated Sri Lanka from Chola rule.

Minted in gold, silver, and copper; these specific artifacts are copper.

Design is based on previous Chola coins but features the king's name.

The first coin in Sri Lanka to clearly bear the name ""Shri Vijayabahu"".

The obverse has a stylized human figure with symbolic marks.

The reverse has the inscription in Ardha Nagari script.

Average weight is ~4.285g, showing minting standardization.","සොළී පාලනයෙන් ශ්‍රී ලංකාව මුදාගත් පළමුවන විජයබාහු රජු විසින් නිකුත් කරන ලදී.

රන්, රිදී සහ තඹ ලෝහ වලින් නිපදවා ඇත; මෙම නිශ්චිත කාසි තඹ වේ.

නිර්මාණය පෙර චෝල කාසි මත පදනම් වූවක් වුවද රජුගේ නම සහිත වේ.

""ශ්‍රී විජයබාහු"" නම සහිතව හඳුනාගත් ප්‍රථම ශ්‍රී ලාංකීය කාසිය.

අභිමුඛයේ සංකේතාත්මක සලකුණු සහිත ශෛලීගත මනුෂ්‍ය රුවක් පවතී.

ප්‍රතිමුඛයේ අර්ධ නාගරි අක්ෂර වලින් නම සටහන් කර ඇත.

සාමාන්‍ය බර ග්‍රෑම් 4.285ක් වන අතර, සම්මත නිෂ්පාදනයක් ඇති බව පෙන්නුම් කරයි.","Who issued this coin? This coin was issued by King Vijayabahu I, who freed Sri Lanka from Chola rule.

What is special about this coin? It was the first to bear the name of a Sinhalese king after the Chola period, re-establishing local sovereignty on currency.

What are the symbols on the coin? They include a stylized figure, a flower, dotted marks, and a symbol that may be a lamp or the Grivatsya.","මෙම කාසිය නිකුත් කළේ කා විසින්ද? මෙම කාසිය නිකුත් කරන ලද්දේ සොළී පාලනයෙන් ශ්‍රී ලංකාව මුදාගත් පළමුවන විජයබාහු රජතුමා විසිනි.

මෙම කාසියේ විශේෂත්වය කුමක්ද? සොළී යුගයෙන් පසු සිංහල රජෙකුගේ නම සහිත ප්‍රථම කාසිය මෙය වන අතර, මුදල් සඳහා දේශීය රාජ්‍ය ස්වාධීනත්වය ප්‍රතිස්ථාපනය කරයි.

කාසියේ ඇති සංකේත මොනවාද? ඒවායේ ශෛලීගත මනුෂ්‍ය රුවක්, මලක්, තිත් සලකුණු සහ පහනක් හෝ ග්‍රීවත්ස්‍ය සංකේතයක් විය හැකි සලකුණක් ඇතුළත් වේ.","Vijayabahu I, Massa coin, copper coin, Polonnaruwa, Chola, liberation, Ardha Nagari script, Shri Vijayabahu, stylized figure, standardization, Sri Lankan coinage"
ART008,Queen Lilavati Massa Coin (Copper),1197-1200 AD; 1209-1210 AD; 1211-1212 AD (Three separate reigns),"Polonnaruwa Kingdom, Sri Lanka","This copper Massa coin was issued by Queen Lilavati, one of the few women to rule Sri Lanka and the fifth ruler in the Polonnaruwa period to issue coins. She was the queen of the great King Parakramabahu I and ascended to the throne on three separate occasions during a period of significant political instability following the death of King Nissankamalla. Her coinage is historically vital as it represents a continued effort to maintain economic stability and state authority during turbulent times. The coin's design follows the established pattern of the Massa series, featuring a stylized figure on the obverse. The figure faces left, wears a dhoti and a two-part headdress, holds a flower in its raised left hand (with five dotted marks below the elbow), and is accompanied by a symbol interpreted as a lamp or a Grivatsya. The key distinguishing feature is on the reverse, where the inscription ""Shri Raja Lilavati"" is proudly stamped in four lines using Ardha Nagari script. The use of the title ""Raja"" (King) preceding her name is a powerful and clear declaration of her sovereign authority, setting her coins apart from those of her male predecessors. A specific hoard from Arachchikattu, Puttalam, contained 229 of her coins, allowing for detailed physical analysis. This analysis reveals a high degree of standardization, with an average weight of 4.26g, an average diameter of 20.61mm, and an average thickness of 2.54mm, demonstrating the resilience and capability of the minting institution under her rule.","මෙම තඹ මසු කාසිය නිකුත් කරන ලද්දේ ලීලාවතී රැජිණ විසිනි, ඇය ශ්‍රී ලංකාව පාලනය කළ අල්ප සංඛ්‍යාත කාන්තාවන්ගෙන් කෙනෙක් වන අතර පොළොන්නරු යුගයේ කාසි නිකුත් කළ පස්වන පාලකයා ද වේ. ඇය මහා පරාක්‍රමබාහු රජතුමාගේ බිසවක් වූ අතර නිශ්ශංකමල්ල රජුගේ මරණයෙන් පසුව ඇති වූ දැඩි දේශපාලන අස්ථාවරත්වයක කාලයකදී වරින් වර අවස්ථා තුනකදී රාජ්‍ය සිහසුනට පත් විය. ඇයගේ කාසි විශේෂ significanceක් දරන්නේ අස්ථාවර කාලවලදී ආර්ථික ස්ථාවරත්වය සහ රාජ්‍ය අධිකාරිය පවත්වා ගැනීම සඳහා කරන ලද නිරන්තර උත්සාහයක් නියෝජනය කරන බැවිනි. කාසියේ නිර්මාණය මසු කාසි මාලාවේ ස්ථාපිත රටාව අනුගමනය කරයි, අභිමුඛයේ ශෛලීගත මනුෂ්‍ය රුවක් ඇතුළත් වේ. රුව වම් පසට මුහුණලා, දෝතියක් සහ කොටස් දෙකකින් යුත් ශීර්ෂාභරණයක් පැළඳ, ඔසවාගත් වම් අතින් මලක් දරා සිටින අතර (වැලමිටට පහළින් තිත් සලකුණු පහක් ඇත) සහ පහනක් හෝ ග්‍රීවත්ස්‍ය සංකේතයක් ලෙස විස්තර කෙරෙන සංකේතයක් ඇත. වෙනස් කර හඳුනාගත හැකි ප්‍රධාන ලක්ෂණය ප්‍රතිමුඛයේ දක්නට ලැබෙන අතර, ""ශ්‍රී රාජ ලීලාවතී"" යන සටහන පේළි හතරකින් අර්ධ නාගරි අක්ෂර වලින් සිදු කර ඇත. ඇගේ නමට පෙර ""රාජ"" (රජ) යන පදය භාවිතා කිරීම ඇගේ ස්වෛරී අධිකාරියේ බලවත් හා පැහැදිලි ප්‍රකාශනයක් වන අතර, ඇගේ කාසි පෙර පුරුෂ පාලකයන්ගේ කාසිවලින් වෙන් කර හඳුනාගත හැකිය. පුත්තලම, ආරච්චිකට්ටුවෙන් හමු වූ නිශ්චිත නිධානයක ඇගේ කාසි 229ක් අඩංගු විය, එමගින් විස්තරාත්මක භෞතික විශ්ලේෂණයක් සිදු කිරීමට හැකි විය. මෙම විශ්ලේෂණය අනුව, සාමාන්‍ය බර ග්‍රෑම් 4.26ක්, සාමාන්‍ය විෂ්කම්භය මිලිමීටර් 20.61ක් සහ සාමාන්‍ය ඝනකම මිලිමීටර් 2.54ක් වන අතර, ඇයගේ පාලනය යටතේ කාසි නිෂ්පාදන ආයතනයේ සහනශීලීත්වය හා හැකියාව ප්‍රදර්ශනය කරයි.","Issued by Queen Lilavati, one of the few female monarchs in Sri Lankan history.

She reigned three separate times during a period of political instability.

The coin design is consistent with the Massa series but features her unique inscription.

The reverse bears the inscription ""Shri Raja Lilavati"", using the male title ""Raja"" to assert her authority.

A hoard of 229 of her coins was found in Arachchikattu, Puttalam.

Physical analysis shows standardized minting with an average weight of 4.26g and diameter of 20.61mm.","ශ්‍රී ලංකා ඉතිහාසයේ අල්ප සංඛ්‍යාත කාන්තා පාලකයන්ගෙන් එක් අයෙක් වන ලීලාවතී රැජිණ විසින් නිකුත් කරන ලදී.

දේශපාලන අස්ථාවරත්වයක කාලයකදී ඇය වරින් වර අවස්ථා තුනකදී පාලනය කළාය.

කාසි නිර්මාණය මසු කාසි මාලාවට අනුකූල වන නමුත් ඇයගේ අද්විතීය සටහන් ඇතුළත් වේ.

ප්‍රතිමුඛයේ ""ශ්‍රී රාජ ලීලාවතී"" යන සටහන් කර ඇති අතර, ඇගේ අධිකාරිය ප්‍රකාශ කිරීම සඳහා ""රාජ"" යන පුරුෂ තනතුර භාවිතා කරයි.

ඇගේ කාසි 229කින් යුත් නිධානයක් පුත්තලම, ආරච්චිකට්ටුවේදී හමු විය.

භෞතික විශ්ලේෂණයෙන් සාමාන්‍ය බර ග්‍රෑම් 4.26ක් සහ විෂ්කම්භය මිලිමීටර් 20.61ක් සමඟ සම්මත කාසි නිෂ්පාදනයක් පෙන්නුම් කරයි.","Who was Queen Lilavati? She was the queen of Parakramabahu I and one of the few women to rule Sri Lanka, reigning three separate times.

What is unique about her coin's inscription? It uses the title ""Shri Raja Lilavati"", incorporating the male title ""Raja"" (King), which is a strong assertion of her sovereign power.

How many of her coins have been found? A single hoard discovered in Puttalam contained 229 of her copper coins, allowing for detailed study.","ලීලාවතී රැජින කවුද? ඇය පරාක්‍රමබාහු I ගේ බිසව වූ අතර ශ්‍රී ලංකාව පාලනය කළ අල්ප සංඛ්‍යාත කාන්තාවන්ගෙන් කෙනෙක් වන අතර, වරින් වර අවස්ථා තුනකදී පාලනය කළාය.

ඇයගේ කාසිවල සටහනේ විශේෂත්වය කුමක්ද? එය ""ශ්‍රී රාජ ලීලාවතී"" යන පදය භාවිතා කරයි, ඇගේ ස්වෛරී බලය ප්‍රකාශ කිරීමේ ප්‍රබල මාධ්‍යයක් වන ""රාජ"" (රජ) යන පුරුෂ තනතුර ඇතුළත් වේ.

ඇයගේ කාසි කීයක් හමු වී තිබේද? පුත්තලමේ හමු වූ තනි නිධානයක ඇගේ තඹ කාසි 229ක් අඩංගු විය, එමගින් විස්තරාත්මක අධ්‍යයනයක් සිදු කිරීමට හැකි විය.","Queen Lilavati, female ruler, Massa coin, copper coin, Polonnaruwa, Shri Raja Lilavati, Ardha Nagari script, Arachchikattu hoard, standardization, political instability"
ART009,King Sahassamalla Massa Coin (Copper),1200 - 1202 AD,"Polonnaruwa Kingdom, Sri Lanka","This copper Massa coin was issued by King Sahassamalla, the sixth ruler of the Polonnaruwa period to mint coins. He came to power after the deposition of Queen Lilavati, orchestrated by the general Ayasmantha Senevi, and was a cousin of the powerful King Nissankamalla. Despite his short reign of approximately two years, the volume of his coins found—595 in a single hoard—suggests a period of intense economic activity and a strong assertion of royal authority through currency. The coin maintains the traditional design of the Massa series for continuity and public trust. The obverse features the standard stylized figure facing left, adorned with a dhoti and a two-part headdress, holding a flower in its raised left hand, and accompanied by the five dotted marks and the lamp/Grivatsya symbol. The defining characteristic of this coin is found on the reverse. The inscription breaks from the previous convention of using ""Shri"" and instead uses the more prestigious and formal title ""Srimat"" (or sometimes ""Shrim"") before his name, written as ""Srimat Sahassamalla"" in Ardha Nagari script. This use of a superior title was a deliberate act of royal propaganda, likely to bolster his legitimacy and status. Evidence also suggests he issued fractional 1/8 Massa coins, indicating a sophisticated monetary system. The physical analysis of the 595 coins shows a consistent average weight of 4.31g, demonstrating that the mint maintained a high standard of production even during a brief reign.","මෙම තඹ මසු කාසිය නිකුත් කරන ලද්දේ සහස්සමල්ල රජතුමා විසිනි, ඔහු පොළොන්නරු යුගයේ කාසි නිෂ්පාදනය කළ හයවන පාලකයා ය. ලීලාවතී රැජිණ බලයෙන් පහ කිරීමෙන් පසුව ඔහු බලයට පත් වූ අතර, එය ජෙනරාල් ආයස්මන්ත සෙනෙවි විසින් සිදු කරන ලද අතර, ඔහු පරාක්රමණශීලී නිශ්ශංකමල්ල රජතුමාගේ ඥාති සහෝදරයෙකි. අවුරුදු දෙකක් පමණ වූ ඔහුගේ කෙටි රාජ්ය සමය තුළදී, හමු වූ ඔහුගේ කාසිවල ප්රමාණය—කාසි 595ක් එක් නිධානයකින්—දැඩි ආර්ථික ක්රියාකාරකම් සහ මුදල් හරහා රාජ්ය අධිකාරියේ ශක්තිමත් ප්රකාශනයක් ඇති වූ බව සනාථ කරයි. කාසිය මසු කාසි මාලාවේ සාම්ප්රදායික නිර්මාණය පවත්වා ගන්නා අතර එමගින් අඛණ්ඩතාව සහ මහජන විශ්වාසය පවත්වා ගනී. අභිමුඛයේ වම් පසට මුහුණලා, දෝතියක් සහ කොටස් දෙකකින් යුත් ශීර්ෂාභරණයක් පැළඳ, ඔසවාගත් වම් අතින් මලක් දරා සිටින සම්මත ශෛලීගත මනුෂ්ය රුව ඇතුළත් වේ. ඊට අමතරව තිත් සලකුණු පහ සහ පහන/ග්‍රීවත්ස්‍ය සංකේතය ද දක්නට ලැබේ. මෙම කාසියේ හඳුනාගත හැකි ලක්ෂණය ප්‍රතිමුඛයේ දක්නට ලැබේ. සටහන් කිරීම ""ශ්‍රී"" භාවිතා කිරීමේ පෙර සම්ප්රදායෙන් වෙනස් වන අතර, ඒ වෙනුවට ""ශ්‍රීමත්"" (හෝ සමහර විට ""ශ්‍රීම්"") යන වඩාත් කීර්තිමත් සහ විධිමත් පදවිය ඔහුගේ නමට පෙර අර්ධ නාගරි අක්ෂර වලින් ""ශ්‍රීමත් සහස්සමල්ල"" ලෙස භාවිතා කරයි. උසස් පදවි නාමයක් භාවිතා කිරීම රාජ්ය ප්රචාරක ක්රියාවක් වූ අතර, ඔහුගේ නීත්යානුකූලභාවය සහ තත්ත්වය ශක්තිමත් කිරීම සඳහා බව පැවසිය හැකිය. භාගික 1/8 මසු කාසි ද ඔහු විසින් නිකුත් කර ඇති බවට සාක්ෂි ඇත, එය සංකීර්ණ මුදල් පද්ධතියක් තිබූ බවට ඉඟියක් වේ. කාසි 595 පිළිබඳ භෞතික විශ්ලේෂණය ග්‍රෑම් 4.31ක ස්ථාවර සාමාන්ය බරක් පෙන්නුම් කරයි, එය කෙටි රාජ්ය සමයක් තුළ නිෂ්පාදනයේ ඉහළ ප්‍රමිතිය පවත්වා ගත් බව ප්‍රදර්ශනය කරයි.","Issued by King Sahassamalla, cousin of King Nissankamalla and the 6th coin-issuing ruler of Polonnaruwa.

His reign was short (c. 1200-1202 AD) but prolific in coin production.

The largest number of coins (595) in the Bandarahena hoard belong to him.

The reverse inscription uses the elevated title ""Srimat"" instead of the standard ""Shri"".

He also issued 1/8 Massa fractional coins.

The coins show high standardization with an average weight of 4.31 grams.","නිශ්ශංකමල්ල රජතුමාගේ ඥාති සහෝදරයා සහ පොළොන්නරුවේ කාසි නිකුත් කළ හයවන පාලකයා වන සහස්සමල්ල රජතුමා විසින් නිකුත් කරන ලදී.

ඔහුගේ රාජ්ය සමය කෙටි (ක්‍රි.ව. 1200-1202) වුවද කාසි නිෂ්පාදනයේ දී සමෘද්ධිමත් විය.

බණ්ඩාරහේන නිධානයේ වැඩිම කාසි සංඛ්‍යාව (595) ඔහුට අයත් වේ.

ප්‍රතිමුඛ සටහන සම්මත ""ශ්‍රී"" වෙනුවට ""ශ්‍රීමත්"" යන උසස් පදවි නාමය භාවිතා කරයි.

ඔහු 1/8 මසු භාගික කාසි ද නිකුත් කළේය.

කාසි ග්‍රෑම් 4.31ක සාමාන්‍ය බරකින් යුක්තව ඉහළ සම්මත කිරීමක් පෙන්නුම් කරයි.","What is unique about King Sahassamalla's coins? They are distinguished by the use of the prestigious title ""Srimat"" before his name on the reverse, a departure from the simpler ""Shri"" used by his predecessors.

Why is his coinage significant despite his short reign? The discovery of 595 of his coins in a single hoard indicates a very active period of minting and economic transactions during his rule.

Did he issue different denominations? Yes, there is evidence that he also issued 1/8 Massa coins, showing a developed currency system.","සහස්සමල්ල රජතුමාගේ කාසිවල විශේෂත්වය කුමක්ද? ප්‍රතිමුඛයේ ඔහුගේ නමට පෙර ""ශ්‍රීමත්"" යන කීර්තිමත් පදවි නාමය භාවිතා කිරීමෙන් ඒවා වෙන්කර හඳුනාගත හැකිය, එය ඔහුගේ පූර්වප්‍රාප්තිකයන් භාවිතා කළ සරල ""ශ්‍රී"" වෙතින් වෙනස් වේ.

ඔහුගේ කෙටි රාජ්ය සමය නොතකා ඔහුගේ කාසි වැදගත් වන්නේ ඇයි? එක් නිධානයකින් ඔහුගේ කාසි 595ක් හමු වීම ඔහුගේ පාලනය තුළ ඉතා සක්‍රීය කාසි නිෂ්පාදන සහ ආර්ථික ගනුදෙනු කාලයක් ඇති බව සනාථ කරයි.

ඔහු විවිධ මුදල් ඒකක නිකුත් කළේද? ඔව්, ඔහු 1/8 මසු කාසි ද නිකුත් කළ බවට සාක්ෂි ඇත, එය සංවර්ධිත මුදල් පද්ධතියක් පෙන්නුම් කරයි.","King Sahassamalla, Srimat, Massa coin, copper coin, Polonnaruwa, short reign, prolific coinage, Ardha Nagari script, fractional coin, standardization"
ART010,King Dhammasokadeva Massa Coin (Copper),1208 - 1209 AD,"Polonnaruwa Kingdom, Sri Lanka","This copper Massa coin was issued by King Dhammasokadeva, the seventh and final ruler in this series to mint coins during the late Polonnaruwa period. His ascent to the throne was a result of the ongoing political turmoil that characterized this era; he was installed by General Ayasmantha Senevi after the deposition of Queen Kalyanavati, who was herself a queen of King Nissankamalla. Dhammasokadeva's reign was notably brief, lasting only about a year. His coinage, therefore, represents the tail end of a standardized monetary system that persisted through rapid changes in leadership. The coin faithfully adheres to the established design of the Massa series to maintain economic continuity. The obverse features the now-familiar stylized figure facing left, adorned with a dhoti and a two-part headdress. The figure holds a flower in its raised left hand, which displays the five distinctive dotted marks below the elbow, and is accompanied by the symbolic lamp or Grivatsya mark near the right hand. The reverse features a similar figure in a squatting posture. The key identifier is the inscription in four lines of Ardha Nagari script, which reads ""Shri Dhammasokadeva,"" claiming the coin for this short-lived monarch. With only 53 of his coins found in the large Bandarahena hoard, his issues are relatively rare compared to those of his immediate predecessors, physically underscoring the brevity of his rule. Despite this, the minting quality and weight standards remained consistent with the broader Massa coin series.","මෙම තඹ මසු කාසිය නිකුත් කරන ලද්දේ ධම්මාශෝකදේව රජතුමා විසිනි, ඔහු පළමුවන පොළොන්නරු යුගයේ කාසි නිෂ්පාදනය කළ හත්වන සහ අවසාන පාලකයා ය. ඔහුගේ රාජ්ය සිහසුනට පැමිණීම මෙම යුගයට ලක්බුණු නිරන්තර දේශපාලන අස්ථාවරත්වයේ ප්රතිඵලයක් විය; ඔහු තනතුරට පත් කරන ලද්දේ ජෙනරාල් ආයස්මන්ත සෙනෙවි විසින් ලීලාවතී රැජිණ බලයෙන් පහ කිරීමෙන් පසුවය, ඇය වූයේ නිශ්ශංකමල්ල රජතුමාගේ බිසවකි. ධම්මාශෝකදේව රජුගේ රාජ්ය සමය ඉතා කෙටි වූ අතර, එය අවුරුදු එකක් පමණක් පැවතුනි. එබැවින් ඔහුගේ කාසි නිෂ්පාදනය, නායකත්වයේ දීව්ය වෙනස්වීම් හරහා පැවතුනු සම්මත මුදල් පද්ධතියේ අවසාන අවස්ථාව නියෝජනය කරයි. කාසිය ආර්ථික අඛණ්ඩතාවය පවත්වා ගැනීම සඳහා මසු කාසි මාලාවේ ස්ථාපිත නිර්මාණයට විශ්වසනීයව අනුගත වේ. අභිමුඛයේ දැන් හුරුපුරුදු වම් පසට මුහුණලා, දෝතියක් සහ කොටස් දෙකකින් යුත් ශීර්ෂාභරණයක් පැළඳ සිටින ශෛලීගත මනුෂ්ය රුව ඇතුළත් වේ. රුව ඔසවාගත් වම් අතින් මලක් දරා සිටින අතර, එය වැලමිටට පහළින් ඇති අද්භූත තිත් සලකුණු පහ පෙන්නුම් කරයි, සහ දකුණු අත අසල පහනක් හෝ ග්‍රීවත්ස්‍ය සංකේතය ඇත. ප්‍රතිමුඛයේ උක්කුටුක ඉරියව්වෙන් හිඳින සමාන රුවක් ඇත. හඳුනාගත හැකි ප්රධාන ලක්ෂණය වන්නේ අර්ධ නාගරි අක්ෂර වලින් යුත් පේළි හතරක සටහනයි, එය ""ශ්‍රී ධම්මාශෝකදේව"" ලෙස කියවේ, මෙම කෙටිකාලීන රජු සඳහා කාසිය හිමිකම් කියයි. බණ්ඩාරහේන නිධානයේ ඔහුගේ කාසි 53 ක් පමණක් හමු වී ඇති අතර, ඔහුගේ නිකුතු ඔහුගේ පූර්වප්රාප්තිකයන්ගේ නිකුතු වලට සාපේක්ෂව සාපේක්ෂව දුර්ලභ ය, එය ඔහුගේ පාලනයේ සංක්ෂිප්තතාවය භෞතිකව අවධාරණය කරයි. එසේ වුවද, නිෂ්පාදන ගුණාත්මකභාවය සහ බර ප්රමිතීන් පුළුල් මසු කාසි මාලාවට ස්ථාවරව පැවතුනි.","Issued by King Dhammasokadeva, the 7th and final Polonnaruwa ruler in this coin series.

His reign was very brief, lasting only from 1208 to 1209 AD.

He was installed by General Ayasmantha Senevi after deposing Queen Kalyanavati.

The coin design is consistent with the standard Massa type.

The reverse inscription identifies him as ""Shri Dhammasokadeva"".

Only 53 of his coins were found in the Bandarahena hoard, reflecting his short rule.","පොළොන්නරු යුගයේ කාසි නිකුත් කළ හත්වන සහ අවසාන පාලකයා වන ධම්මාශෝකදේව රජතුමා විසින් නිකුත් කරන ලදී.

ඔහුගේ රාජ්ය සමය ඉතා කෙටි වූ අතර, එය ක්‍රි.ව. 1208 සිට 1209 දක්වා පමණක් පැවතුනි.

ඔහු තනතුරට පත් කරන ලද්දේ ජෙනරාල් ආයස්මන්ත සෙනෙවි විසින් ලීලාවතී රැජිණ බලයෙන් පහ කිරීමෙන් පසුවය.

කාසි නිර්මාණය සම්මත මසු කාසි වර්ගයට අනුකූල වේ.

ප්‍රතිමුඛ සටහන ඔහු හඳුනාගන්නේ ""ශ්‍රී ධම්මාශෝකදේව"" ලෙසය.

බණ්ඩාරහේන නිධානයේ ඔහුගේ කාසි 53 ක් පමණක් හමු විය, එය ඔහුගේ කෙටි පාලනය පිළිබිඹු කරයි.","How long did King Dhammasokadeva rule? His reign was exceptionally short, lasting only about one year from 1208 to 1209 AD.

How can you identify his coin? It is identified by the inscription ""Shri Dhammasokadeva"" on the reverse in Ardha Nagari script, while the design is otherwise standard for Massa coins.

Why are his coins less common? The small number of coins found (53) directly corresponds to his very brief period in power, allowing for less time to mint and circulate currency.","ධම්මාශෝකදේව රජතුමා කොපමණ කාලයක් පාලනය කළේද? ඔහුගේ රාජ්ය සමය ඉතා කෙටි වූ අතර, එය ක්‍රි.ව. 1208 සිට 1209 දක්වා අවුරුදු එකක් පමණක් පැවතුනි.

ඔහුගේ කාසිය හඳුනා ගන්නේ කෙසේද? එය හඳුනාගන්නේ ප්‍රතිමුඛයේ ""ශ්‍රී ධම්මාශෝකදේව"" යන සටහන මගිනි, අනෙක් අතට නිර්මාණය මසු කාසි සඳහා සම්මත වේ.

ඇයි ඔහුගේ කාසි අඩුවෙන් හමු වන්නේ? හමු වූ කාසිවල අඩු සංඛ්‍යාව (53) සෘජුවම ඔහුගේ බලයේ ඉතා කෙටි කාල සීමාවට අනුරූප වේ, එමඟින් කාසි නිෂ්පාදනය කිරීමට සහ සංසරණය කිරීමට අඩු කාලයක් ලබා දෙයි.","King Dhammasokadeva, Massa coin, copper coin, Polonnaruwa, short reign, Ardha Nagari script, Shri Dhammasokadeva, Ayasmantha Senevi, Bandarahena hoard, late Polonnaruwa period."
ART011,King Parakramabahu II Massa Coin (Copper),1236 - 1270 AD (Based on his reign in Dambadeniya),"Dambadeniya Kingdom, Sri Lanka","This copper Massa coin was issued by King Parakramabahu II, a pivotal monarch who ruled from the new capital of Dambadeniya after the collapse of the Polonnaruwa Kingdom. His coinage is historically significant as it represents a direct continuation of the Polonnaruwa monetary tradition into the Dambadeniya era, providing a crucial link between the two periods. Archaeological evidence suggests that his predecessor, Vijayabahu III, the founder of Dambadeniya, did not issue coins, making Parakramabahu II's currency a revival of a standardized state-sponsored coinage after a potential hiatus. The coin meticulously follows the established design of the Polonnaruwa Massa series, a deliberate choice likely made to ensure public trust and economic stability during a transitional phase for the kingdom. The obverse features the classic stylized figure facing left, wearing a dhoti and a two-part headdress. The figure holds a flower in its raised left hand, which has the five distinctive dotted marks below the elbow, and is accompanied by the symbolic lamp or Grivatsya mark. The reverse continues the pattern with a similar figure in a squatting posture. The key identifier is the inscription in four lines of Ardha Nagari script, which reads ""Shri Parakramabahu,"" asserting the authority of the Dambadeniya king. With only four of his coins found in the Bandarahena hoard, they are relatively rare, but their existence confirms that the well-organized system of coinage survived the political shift from Polonnaruwa to Dambadeniya, underscoring Parakramabahu II's role in stabilizing and continuing the economic institutions of the Sinhalese kingdom.","මෙම තඹ මසු කාසිය නිකුත් කරන ලද්දේ දෙවන පරාක්රමබාහු රජතුමා විසිනි, ඔහු පොළොන්නරු රාජධානිය බිඳ වැටීමෙන් පසුව නව අගනුවර වූ දඹදෙණියෙන් පාලනය කළ ප්රධාන රජෙකි. ඔහුගේ කාසි විශේෂ historical ඓතිහාසික වැදගත්කමක් ගනී, මන්ද එය පොළොන්නරු මුදල් සම්ප්රදායය දඹදෙණි යුගය දක්වා සෘජුවම පවත්වාගෙන යාම නියෝජනය කරන අතර යුග දෙක අතර තීරණාත්මක සබැඳියක් ලබා දෙයි. පුරාවිද්‍යාත්මක සාක්ෂි අනුව ඔහුගේ පූර්වප්‍රාප්තිකයා වූ දඹදෙණියේ ප්‍රතිස්ථාපකයා වන තෙවන විජයබාහු රජතුමා කාසි නිකුත් නොකළ බව පෙනේ, එමනිසා දෙවන පරාක්රමබාහු රජතුමාගේ මුදල් විරාමයකින් පසු සම්මත රාජ්ය අනුග්‍රහයෙන් යුත් කාසි නිෂ්පාදනයක පුනරුදයක් විය. කාසිය පොළොන්නරු මසු කාසි මාලාවේ ස්ථාපිත නිර්මාණය හරියටම අනුගමනය කරයි, රාජධානිය සඳහා සංක්‍රාන්ති අවධියකදී මහජන විශ්වාසය සහ ආර්ථික ස්ථාවරත්වය සහතික කිරීම සඳහා කරන ලද සැලකිල්ලෙන් යුත් තේරීමකි. අභිමුඛයේ වම් පසට මුහුණලා, දෝතියක් සහ කොටස් දෙකකින් යුත් ශීර්ෂාභරණයක් පැළඳ සිටින සම්භාව්ය ශෛලීගත මනුෂ්‍ය රුව ඇතුළත් වේ. රුව ඔසවාගත් වම් අතින් මලක් දරා සිටින අතර, එය වැලමිටට පහළින් ඇති අද්භූත තිත් සලකුණු පහක් ඇත, සහ සංකේතාත්මක පහන හෝ ග්‍රීවත්ස්‍ය සලකුණ ඇත. ප්‍රතිමුඛය උක්කුටුක ඉරියව්වෙන් හිඳින සමාන රුවක් සමඟ රටාව දිගටම කරගෙන යයි. හඳුනාගත හැකි ප්‍රධාන ලක්ෂණය වන්නේ අර්ධ නාගරි අක්ෂර වලින් යුත් පේළි හතරක සටහනයි, එය ""ශ්‍රී පරාක්‍රමබාහු"" ලෙස කියවේ, එය දඹදෙණි රජුගේ අධිකාරිය ප්‍රකාශ කරයි. බණ්ඩාරහේන නිධානයේ ඔහුගේ කාසි හතරක් පමණක් හමු වී ඇති අතර, ඒවා සාපේක්ෂව දුර්ලභ ය, නමුත් ඒවායේ පැවැත්ම තහවුරු කරන්නේ පොළොන්නරුවේ සිට දඹදෙණිය දක්වා වූ දේශපාලන වෙනස හරහා සුවිසල්ලාදී කාසි පද්ධතිය බේරී පැවතුනු බවයි, එය දෙවන පරාක්රමබාහු රජතුමාගේ සිංහල රාජධානියේ ආර්ථික ආයතන ස්ථාවර කිරීමේ සහ පවත්වාගෙන යාමේ භූමිකාව අවධාරණය කරයි.","Issued by King Parakramabahu II of the Dambadeniya Kingdom.

Represents the continuation of the Polonnaruwa Massa coin tradition into a new royal capital.

Likely the first coinage issued after a potential hiatus under his predecessor, Vijayabahu III.

Design is identical to the Polonnaruwa Massa coins for continuity.

The reverse inscription reads ""Shri Parakramabahu"" in Ardha Nagari script.

Only 4 of his coins were found in the Bandarahena hoard, making them rare.","දඹදෙණි රාජධානියේ දෙවන පරාක්රමබාහු රජතුමා විසින් නිකුත් කරන ලදී.

පොළොන්නරු මසු කාසි සම්ප්රදායය නව රාජධානික අගනුවරකට ගෙන යාම නියෝජනය කරයි.

ඔහුගේ පූර්වප්‍රාප්තික තෙවන විජයබාහු රජතුමා යටතේ සිදු වූ විරාමයකින් පසුව නිකුත් කළ ප්‍රථම කාසි විය හැකිය.

නිර්මාණය අඛණ්ඩතාවය සඳහා පොළොන්නරු මසු කාසිවලට සමාන වේ.

ප්‍රතිමුඛ සටහන අර්ධ නාගරි අක්ෂර වලින් ""ශ්‍රී පරාක්‍රමබාහු"" ලෙස කියවේ.

බණ්ඩාරහේන නිධානයේ ඔහුගේ කාසි හතරක් පමණක් හමු විය, එය ඒවා දුර්ලභ කරයි.","Why is Parakramabahu II's coinage important? It bridges the Polonnaruwa and Dambadeniya periods, proving the survival of a centralized coinage system despite the change of capital and political upheaval.

How is his coin different from Polonnaruwa coins? In essence, it is not different in design; its significance lies in its historical context as a coin of the Dambadeniya Kingdom, continuing a previous tradition.

Why are his coins so rare? The small number found (4 coins) could be due to a shorter minting period, smaller scale of production, or the fact that many hoards from this era are yet to be discovered.","දෙවන පරාක්රමබාහු රජතුමාගේ කාසි වැදගත් වන්නේ ඇයි? එය පොළොන්නරු සහ දඹදෙණි යුග සම්බන්ධ කරයි, අගනුවර සහ දේශපාලන අරාජිකත්වය වෙනස් වුවද කේන්ද්‍රීකෘත කාසි පද්ධතියක් බේරී පැවතුනු බව ඔප්පු කරයි.

ඔහුගේ කාසි පොළොන්නරු කාසිවලින් කෙතරම් වෙනස්ද? සාරයෙන්, එය නිර්මාණයෙන් වෙනස් නොවේ; එහි වැදගත්කම පවතින්නේ දඹදෙණි රාජධානියේ කාසියක් ලෙස එහි ඓතිහාසික පසුබිමේ ය, පෙර සම්ප්රදායයක් දිගටම කරගෙන යාමයි.

ඇයි ඔහුගේ කාසි එතරම් දුර්ලභ වන්නේ? හමු වූ අඩු සංඛ්‍යාව (කාසි 4) හේතුව විය හැක්කේ කෙටි නිෂ්පාදන කාලයක්, නිෂ්පාදනයේ කුඩා පරිමාණයක් හෝ මෙම යුගයේ නිධාන බොහෝමයක් තවම සොයාගෙන නොමැති වීමයි.","King Parakramabahu II, Dambadeniya, Massa coin, copper coin, Polonnaruwa continuation, Ardha Nagari script, Shri Parakramabahu, transitional period, Bandarahena hoard, Sinhalese kingdom."
ART012,Ancient Sri Lankan Reservoir (Tank) System,3rd Century BC - 12th Century AD (Anuradhapura & Polonnaruwa Periods),"Sri Lanka (Notable examples in Anuradhapura, Polonnaruwa, Minneriya)","Irrigation technology.

The irrigation industry in this country developed very rapidly during the Anuradhapura and Polonnaruwa eras. This was due to the constant state patronage of kings like Vasabha, Mahasen, and Dhatusena who were in power at that time. The ancient irrigation technology in Sri Lanka is characterized by unique features and advanced technical techniques that cannot be seen anywhere else in the world. Tanks were created by crossing a flowing stream, river, or stream and were built in a way that could withstand flooding and even erosion. The Sri Lankan people who lived at that time had the rich technical knowledge required for this. There are specific technical techniques that must be followed when constructing a tank. By following them correctly, the quality of the irrigation system can be maintained.

Technical elements related to the tank.

Tank embankment.

The stability of a tank embankment is very important for a tank. When a dam is built across a flowing stream, it is seen that two nearby hills are connected. It is also important to investigate the rock composition of the high ground where the water collects. The Minneriya tank was also built considering the spread of quartzite rocks in the ground. Choosing a situation where the inclination of the rock layers bends into the tank was another consideration in the design of the tank embankment.

Sluice.

The sluice is built to prevent damage to the tank embankment due to the waves of the tank caused by the wind. To protect the tank embankment, the sluice is prepared by laying granite from its base to the high water level. The main purpose of this construction is to prevent the tank embankment from being washed away.

Sluice.

The sluice is a structure designed to release water from the tank into the canal to bring it to the fields. It is amazing how the old tanks are very finely constructed and watertight. It is made of granite and comes in two types: the earthen sluice and the mud sluice. The sluice located at the high water level to supply water when the water level of the tank is high is called the earthen sluice. The mud sluice is located at the lower level of the tank wall and is used to remove mud and distribute water when the water level drops. To prevent the canal from being dug, the hole on the side of the sluice is made small and the outer opening connecting to the canal is made large.

Queen's Gate.

The Queen's Gate was designed to prevent damage to the tank wall when sending water out through the sluice. Built in the shape of a square, this is a technological advancement in the irrigation industry of this country. There is also a special water control device in the Biso Fort that is used to release water at the required time and in the required amount. It is called ""Mohola"".

Spillway and Inlet

A spillway is a strong structure designed to discharge excess water from the tank. It is made using stone slabs at one end of the tank wall, so that it is lower than the level of the tank wall. The tank wall is protected by the excess water flowing down the spillway. When a tank is supplied with water from an external water supply, the channel is opened to the tank through the inlet. The main purpose of constructing the inlet is to prevent the silt flowing along the waterways from entering the tank. These spillways are not built as strong as the spillways. The process of removing the silt that accumulates outside the inlet is carried out by stopping the external water supply.

Iss Wati.

These are a type of embankment made of soil. The silt flowing down the slopes prevents the silt from reaching the tank and preserves moisture at the foot of the high ground.

Tank Tawulla.

The area around the tank, which marks the maximum water level of the tank, is called Tawulla. This area is very cool and due to the moisture present, plants such as Kumbuk, Thimbiri, and Mee can be seen in abundance.

Kulu Tanks.

These are small tanks. The accumulation of silt in the Kulu Tank prevents the accumulation of silt in the main tank. Kulu Tanks also prevent excess rainwater from flowing into the main tank. In times of water shortage, water is also supplied to the main tank from the Kulu Tank.

Kaligu Dam.

Before the outlet of a tank, the not very high dams built perpendicular to the tank dam and across the tank are called Kaligu Dams. This is lower than the level of the outlet and remains submerged when the tank is full. The embankments are built to minimize the damage caused by the weakening and breaking of the outlet.

The tank system in this country, which was created using such a systematic construction technique, has been benefiting the people of Sri Lanka for centuries. In addition to providing water for agriculture, there are many other benefits that can be obtained from a tank. The tank and its surrounding environment also contribute greatly to drinking, bathing, cleaning animals used for cultivation, picking flowers such as oleum, lotus, and mannan, carrying out the fishing industry, as well as enjoying a beautiful and peaceful environment.","මෙරට වාරි කර්මාන්තය අනුරාධපුර සහ පොළොන්නරු යුග වල දී ඉතා වේගයෙන් සංවර්ධනය විය.එකල පාලන බලය දැරූ වසභ,මහසෙන්,ධාතුසේන,වැනි රජවරුන්ගේ නිරන්තර රාජ්‍ය අනුග්‍රහයන් මීට හේතු විය. ශ්‍රී ලංකාවේ පැවති ඉපැරණි වාරි තාක්ෂණය ලොව කොතැනක හෝ දැකගත නොහැකි ආකාරයේ අන්‍යතා ලක්ෂණවලින් සහ දියුණු තාක්ෂණික ශිල්ප ක්‍රම වලින් සමන්විත ය.ගලා යන ඔයක්,ගඟක් හෝ දිය පහරක් හරස් කොට වැව් නිර්මාණය කර ඇති අතර ඒවා ජල ගැලීමකට මෙන්ම පෘථිවි ඛාදන අවස්ථාවකට වුව ද ඔරොත්තු දීමට සමත් අයුරින් තනා ඇත.මේ සඳහා අවශ්‍ය  පොහොසත් ශිල්පීය ඥානයක් එකල විසූ ලාංකික ජනතාව සතු විය.වැවක් ඉදිකිරීමේදී අනුගමනය කළ යුතු නියමිත තාක්ෂණික ශිල්ප ක්‍රම පවතී. ඒවා නිවැරදිව අනුගමනය කිරීම හරහා වාරි මාර්ග පද්ධතියේ ප්‍රමිතිය ආරක්ෂා කර ගත හැක.

වැව ආශ්‍රිත තාක්ෂණික අංග.

වැව් බැම්ම.

වැවකට වැව් බැම්මේ ස්ථාවරත්වය ඉතා වැදගත් ය.ගලා යන ජල පහරක් හරස් කර බැම්මක් බැඳීමේදී එකිනෙකට ළංව පිහිටි කඳු ගැට දෙකක් සම්බන්ධ කර ගත් බව දක්නට ලැබේ. ජලය රැස්වන උස් බිමේ පාෂාණ සංයුතිය පිළිබඳව සොයා බැලීම ද මෙහි දී වැදගත් ය. මින්නේරිය වැව ඉදිකර ඇත්තේ ද එලෙස පොළොවේ ක්වාට්සයිට් පාෂාණ විහිදීම සලකා බලා ය. පාෂාණ ස්ථරවල ආනතිය වැව ඇතුලට නැමී පවතින අවස්ථාවක් තෝරා ගැනීම වැව් බැම්ම නිර්මාණයේ දී සැලකිලිමත් වූ තවත් කරුණකි.

සළපනාව.

සුළඟ නිසා ඇතිවෙන වැවේ දිය රැළි නිසාවෙන් වැව් බැම්මට සිදුවන හානිය වළක්වා ගැනීම සඳහා සළපනාව ඉදිකර ඇත.වැව් බැම්මේ ආරක්ෂාව සඳහා එහි ඇතුල් පැත්තේ පාදමේ සිට ඉහළ ජල මට්ටම දක්වා කළුගල් අතුරා සළපනාව සකස් කර ගනී. මෙය ඉඳිකිරීමේ ප්‍රධාන ම අරමුණ වන්නේ වැව් බැම්ම  සේදී යාම වළක්වා ගැනීමයි.

සොරොව්ව.

වැවේ රැඳ වූ ජලය කෙත්බිම් කලා ගෙනු පිණිස ඇළට ජලය මුදාහැරීම සඳහා සකස් කර ඇති නිර්මාණය සොරොව්ව ය.පැරණි වැව්වල ඉතාමත් සියුම්ව,ජලය කාන්දු නොවන ලෙස මෙය නිමකර ඇති අයුරු පුදුමාකාර ය. මෙය කළුගලෙන් නිර්මාණය කරන අතර ගොඩ සොරොව්ව හා මඩ සොරොව්ව ලෙස දෙයාකාරයෙන් පවතී. වැවේ ජල මට්ටම ඉහළ තිබෙන විට ජලය සැපයිය හැකි අයුරින් ඉහළ ජල මට්ටමේ පිහිටි සොරොව්ව ගොඩ සොරොව්ව ලෙස හැඳින්වේ.වැව් බැම්මේ පහළ මට්ටමින් මඩ සොරොව්ව පිහිටා ඇති අතර මඩ ඉවත් කිරීම සහ ජල මට්ටම පහළ ගිය අවස්ථාවල දී ජලය බෙදා හැරීම සඳහා එය යොදා ගනී. ඇළ හෑරී යාම වැළැක්වීම සඳහා සොරොවේ වැව පැත්තේ සිදුර කුඩාවටත් ඇළ හා සම්බන්ධ වන පිටත විවරය විශාල  ලෙසත් සකස් කර ඇත.

බිසෝ කොටුව.

සොරෝව හරහා ජලය පිටතට යැවීමේ දී වැව් වැව් බැම්මට වන හානිය වළක්වා ගැනීම සඳහා බිසෝකොටුව නිර්මාණය කොට ඇත. හතරැස් කොටුවක හැඩයට තනා ඇති මෙය මෙරට වාරි කර්මාන්තය සතු වූ තාක්ෂණික දියුණුව කියා පාන්නකි. අවශ්‍ය වෙලාවට සහ අවශ්‍ය ප්‍රමාණයට ජලය නිකුත් කිරීමට යොදා ගන්නා විශේෂ ජල පාලන උපකරණයක් ද බිසෝ කොටුවෙහි ඇත. එය ""මොහොල""නමින් හැඳින්වේ.

පිටවාන සහ ඇතුළුවාන

වැවේ අතිරික්ත ජලය පිට කිරීම සඳහා ශක්තිමත්ව සකස් කළ නිර්මාණයකි, පිටවාන. වැව් බැම්මේ කෙළවරක,වැව් බැම්මේ මට්ටමට පහත් වන සේ ගල් පුවරු යොදා මෙය සකස් කර ඇත. අතිරික්ත ජලය පිටවාන ඹස්සේ බැස යාම හේතුවෙන් වැව් බැම්ම ආරක්ෂා වේ.බාහිර ජල සැපයුමක් මගින් වැවකට ජලය සපයන අවස්ථාවල දී එම ඇළ මාර්ගය වැවට විවෘත කරනු ලබන්නේ ඇතුළුවන මගින් ය. ජල මාර්ග දිගේ ගලා එන රොන් මඩ වැවට යාම වළක්වා ගැනීම ඇතුළුවාන ඉදිකිරීමේ ප්‍රධාන අරමුණයි. මෙම පිටවාන තරම් ශක්තිමත්ව ඉදිකරන්නේ නැත. බාහිර ජල සැපයුම් නවතා දමා,ඇතුළුවානට පිටින් ගොඩ ගැසෙන රොන්මඩ ඉවත් කිරීමේ ක්‍රියාවලිය සිදුවේ.

ඉස් වැටි.

ඉස් වැටි නැතහොත් පෝටා වැටි ලෙස හඳුන්වන මේවා පස් වලින් සකස් කර ඇති වැටි විශේෂයකි. ඉස් වැටි හේතුවෙන් බෑවුම් දිගේ ගලා එන රොන් මඩ වැවට පැමිණීම වැළැක්වීමත් උස් බිම් පාමුල  තෙතමනය ආරක්ෂා වීමත් සිදුවේ.

වැව් තාවුල්ල.

වැවේ උපරිම ජල මට්ටම සලකුණු කරන, වැව වටා ඇති ප්‍රදේශය තාවුල්ල යනුවෙන් හඳුන්වයි. මෙම ප්‍රදේශය ඉතා සිසිල් අතර පවත්නා තෙතමනය හේතුවෙන් කුඹුක්, තිඹිරි, මී වැනි ශාක බහුලව දැකිය හැක.

කුළු වැව්.

මේවා කුඩා වැව්ය. කුළු වැවට රොන්මඩ එකතු වීම නිසා මහ වැවට රොන්මඩ එකතු වීම වැළකී යයි. මහ වැවට අතිරික්ත වර්ෂා ජලය ගලා ඒම වැළකීම ද කුළු වැව් නිසා සිදුවේ. ජලය හිඟ වූ අවස්ථාවලදී කුළු කුළු වැවෙන් මහ වැවට ජලය සැපයීම ද සිදු වේ.

කළිඟු බැමි.

වැවක පිටවානට පෙර, වැව් බැම්මට ලම්භකව, වැව හරහා යොදා ඇති, එතරම් උස් නොවූ බැමි කළිඟු බැමි ලෙසින් හැඳින්වේ. පිටවානේ මට්ටමට වඩා මෙය පහත් අතර  වැවේ ජලය පිරුණු අවස්ථාවල දී එම ජලයට යට වී පවතී. කලිඟු බැමි ඉදි කර ඇත්තේ පිටවාන දුර්වල වී කැඩී යාමෙන් සිදුවන හානිය අවම කර ගැනීමට ය.

මෙවැනි විධිමත් ඉදිකිරීම් තාක්ෂණයක් උපයෝගී කරගෙන නිර්මාණය වූ  මෙරට වැව් පද්ධතිය  සියවස් ගණනාවක් මුළුල්ලේ ලාංකීය ජනතාවට සෙත සලසමින් සිටී.කෘෂිකර්මාන්තයට අවශ්‍ය ජලය සපයා ගැනීමට අමතරව වැවකින් ලබාගත හැකි තවත් ප්‍රයෝජන රාශියකි.බීමට, දිය නෑමට, වගා කටයුතු සඳහා යොදා ගන්නා සත්ත්වයින් පිරිසිදු කිරීමට,ඕලු,නෙළුම්, මානෙන් වැනි මල් වර්ග නෙළා ගැනීමට, ධීවර කර්මාන්තය සිදුකරගෙන යාමට මෙන්ම මනරම් නිසංසල පරිසරයක සුවය විඳීමට ද වැව සහ ඒ ආශ්‍රිත පරිසරයෙන් සැපයෙන්නේ මහඟු දායකත්වයකි.","One of the most complex and advanced irrigation systems of the ancient world.

Featured sophisticated components like the Bisokotuwa (valve-pit), a unique energy-dissipating invention.

Used granite-made, watertight sluice gates (Sorowwa) for precise water control.

Incorporated subsidiary tanks (Kuluwewa) to trap silt and protect the main reservoir.

Embankments were engineered with wave-breakers (Sillapana) and built on stable geological foundations.

Sustained a large-scale agrarian civilization in the dry zone for over 2000 years.","පුරාණ ලෝකයේ වඩාත් සංකීර්ණ හා දියුණු වාරිමාර්ග පද්ධතිවලින් එකකි.

බිසෝකොටුව (කපාටික කුණාටුව) වැනි සංකීර්ණ අංග ඇතුළත් විය, එය අද්විතීය ශක්ති-විසර්ජන සොයාගැනීමකි.

නිශ්චිත ජල පාලනය සඳහා ග්රැනයිට් වලින් සාදන ලද, ජලය නොසෙලවෙන සොරොව්ව (සොරොව්ව) භාවිතා කරන ලදී.

රොන් මඩ අල්ලා ගැනීමට සහ ප්රධාන ජලාශය ආරක්ෂා කිරීමට අනුබද්ධ වැව් (කුළුවැව්) ඇතුළත් කරන ලදී.

බැම්මන් රළ බිඳ දමන (සළපනා) සහ ස්ථාවර භූ විද්යාත්මක පදනම් මත ගොඩනංවා ඇත.

වසර 2000 කට වැඩි කාලයක් වියලි කලාපයේ විශාල පරිමාණයේ කෘෂිකාර්මික ශිෂ්ටාචාරයක් පවත්වාගෙන ගියේය.","What is the Bisokotuwa? It is a unique valve-pit structure at the sluice outlet that dissipates the energy of flowing water, preventing erosion of the canal and protecting the tank bund.

How did they make the sluices watertight? They were meticulously carved from single blocks of granite, creating a perfect seal that prevented water leakage for centuries.

Why is this system considered advanced? Its integrated design, with main tanks, feeder canals, subsidiary tanks, and spillways, demonstrates a holistic understanding of watershed management that was far ahead of its time.","බිසෝකොටුව යනු කුමක්ද? එය සොරොව්වේ පිටවීමේ ඇති අද්විතීය කපාටික කුණාටුවක් වන අතර ගලා යන ජලයේ ශක්තිය විසුරුවා හරින අතර, ඇළ කාන්දු වීම වළක්වා වැව් බැම්ම ආරක්ෂා කරයි.

සොරොව්වන් ජලය නොසෙලවෙන ලෙස ඔවුන් කෙසේ සාදා තිබේද? ඒවා ග්රැනයිට් ගල් ගඩොල් වලින් පරිශ්රමයෙන් කැටයම් කරන ලද අතර, සියවස් ගණනාවක් තිස්සේ ජල කාන්දු වීම වළක්වන පරිපූර්ණ මුද්රාවක් නිර්මාණය කරන ලදී.

මෙම පද්ධතිය දියුණු ලෙස සැලකීමට හේතුව කුමක්ද? එහි සමනය කරන ලද නිර්මාණය, ප්රධාන වැව්, ආහාර ඇළ, අනුබද්ධ වැව් සහ ස්පිල්වේ සමඟ, එකල සිට ඉදිරියෙන් සිටි ජලාශ්රිත කළමනාකරණය පිළිබඳ සර්වතෝභද්ර අවබෝධයක් ප්රදර්ශනය කරයි.","Ancient Irrigation, Reservoir System, Wewa, Tank Bund, Sluice Gate, Sorowwa, Bisokotuwa, Spillway, Pita Wana, Hydraulic Engineering, Anuradhapura, Polonnaruwa, Sri Lanka, Water Management"
